id,destr,res,turn,t1,t2,t3,t4,t5,t6,t7,t8,h1,h2,h3,h4,h5,h6,h7,h8
1,1,100,0,10,10,0,0,1,1,1,1,10,10,0,0,1,1,1,1
2,1,100,1,10,10,0,0,2,1,1,1,10,10,0,0,2,1,1,1
3,1,100,0,10,10,0,0,3,1,1,1,10,10,0,0,3,1,1,1
4,1,100,1,10,10,0,0,4,1,1,1,10,10,0,0,4,1,1,1
5,1,100,0,10,10,0,0,5,1,1,1,10,10,0,0,5,1,1,1
6,1,100,1,10,10,0,0,6,1,1,1,10,10,0,0,6,1,1,1
7,1,100,0,10,10,0,0,7,1,1,1,10,10,0,0,7,1,1,1
8,1,100,1,10,10,0,0,8,1,1,1,10,10,0,0,8,1,1,1
9,1,100,0,10,10,0,0,9,1,1,1,10,10,0,0,9,1,1,1
10,1,100,1,10,10,0,1,0,1,1,1,10,10,0,1,0,1,1,1
11,1,100,0,10,10,0,1,1,1,1,1,10,10,0,1,1,1,1,1
12,1,100,1,10,10,0,1,2,1,1,1,10,10,0,1,2,1,1,1
13,1,100,0,10,10,0,1,3,1,1,1,10,10,0,1,3,1,1,1
14,1,100,1,10,10,0,1,4,1,1,1,10,10,0,1,4,1,1,1
15,1,100,0,10,10,0,1,5,1,1,1,10,10,0,1,5,1,1,1
16,1,100,1,10,10,0,1,6,1,1,1,10,10,0,1,6,1,1,1
17,1,100,0,10,10,0,1,7,1,1,1,10,10,0,1,7,1,1,1
18,1,100,1,10,10,0,1,8,1,1,1,10,10,0,1,8,1,1,1
19,1,100,0,10,10,0,1,9,1,1,1,10,10,0,1,9,1,1,1
20,1,100,1,10,10,0,2,0,1,1,1,10,10,0,2,0,1,1,1
21,1,100,0,10,10,0,2,1,1,1,1,10,10,0,2,1,1,1,1
22,1,100,1,10,10,0,2,2,1,1,1,10,10,0,2,2,1,1,1
23,1,100,0,10,10,0,2,3,1,1,1,10,10,0,2,3,1,1,1
24,1,100,1,10,10,0,2,4,1,1,1,10,10,0,2,4,1,1,1
25,1,100,0,10,10,0,2,5,1,1,1,10,10,0,2,5,1,1,1
26,1,100,1,10,10,0,2,6,1,1,1,10,10,0,2,6,1,1,1
27,1,100,0,10,10,0,2,7,1,1,1,10,10,0,2,7,1,1,1
28,1,100,1,10,10,0,2,8,1,1,1,10,10,0,2,8,1,1,1
29,1,100,0,10,10,0,2,9,1,1,1,10,10,0,2,9,1,1,1
30,1,100,1,10,10,0,3,0,1,1,1,10,10,0,3,0,1,1,1
31,1,100,0,10,10,0,3,1,1,1,1,10,10,0,3,1,1,1,1
32,1,100,1,10,10,0,3,2,1,1,1,10,10,0,3,2,1,1,1
33,1,100,0,10,10,0,3,3,1,1,1,10,10,0,3,3,1,1,1
34,1,100,1,10,10,0,3,4,1,1,1,10,10,0,3,4,1,1,1
35,1,100,0,10,10,0,3,5,1,1,1,10,10,0,3,5,1,1,1
36,1,100,1,10,10,0,3,6,1,1,1,10,10,0,3,6,1,1,1
37,1,100,0,10,10,0,3,7,1,1,1,10,10,0,3,7,1,1,1
38,1,100,1,10,10,0,3,8,1,1,1,10,10,0,3,8,1,1,1
39,1,100,0,10,10,0,3,9,1,1,1,10,10,0,3,9,1,1,1
40,1,100,1,10,10,0,4,0,1,1,1,10,10,0,4,0,1,1,1
41,1,100,0,10,10,0,4,1,1,1,1,10,10,0,4,1,1,1,1
42,1,100,1,10,10,0,4,2,1,1,1,10,10,0,4,2,1,1,1
43,1,100,0,10,10,0,4,3,1,1,1,10,10,0,4,3,1,1,1
44,1,100,1,10,10,0,4,4,1,1,1,10,10,0,4,4,1,1,1
45,1,100,0,10,10,0,4,5,1,1,1,10,10,0,4,5,1,1,1
46,1,100,1,10,10,0,4,6,1,1,1,10,10,0,4,6,1,1,1
47,1,100,0,10,10,0,4,7,1,1,1,10,10,0,4,7,1,1,1
48,1,100,1,10,10,0,4,8,1,1,1,10,10,0,4,8,1,1,1
49,1,100,0,10,10,0,4,9,1,1,1,10,10,0,4,9,1,1,1
50,1,100,1,10,10,0,5,0,1,1,1,10,10,0,5,0,1,1,1
51,1,100,0,10,10,0,5,1,1,1,1,10,10,0,5,1,1,1,1
52,1,100,1,10,10,0,5,2,1,1,1,10,10,0,5,2,1,1,1
53,1,100,0,10,10,0,5,3,1,1,1,10,10,0,5,3,1,1,1
54,1,100,1,10,10,0,5,4,1,1,1,10,10,0,5,4,1,1,1
55,1,100,0,10,10,0,5,5,1,1,1,10,10,0,5,5,1,1,1
56,1,100,1,10,10,0,5,6,1,1,1,10,10,0,5,6,1,1,1
57,1,100,0,10,10,0,5,7,1,1,1,10,10,0,5,7,1,1,1
58,1,100,1,10,10,0,5,8,1,1,1,10,10,0,5,8,1,1,1
59,1,100,0,10,10,0,5,9,1,1,1,10,10,0,5,9,1,1,1
60,1,100,1,10,10,0,6,0,1,1,1,10,10,0,6,0,1,1,1
61,1,100,0,10,10,0,6,1,1,1,1,10,10,0,6,1,1,1,1
62,1,100,1,10,10,0,6,2,1,1,1,10,10,0,6,2,1,1,1
63,1,100,0,10,10,0,6,3,1,1,1,10,10,0,6,3,1,1,1
64,1,100,1,10,10,0,6,4,1,1,1,10,10,0,6,4,1,1,1
65,1,100,0,10,10,0,6,5,1,1,1,10,10,0,6,5,1,1,1
66,1,100,1,10,10,0,6,6,1,1,1,10,10,0,6,6,1,1,1
67,1,100,0,10,10,0,6,7,1,1,1,10,10,0,6,7,1,1,1
68,1,100,1,10,10,0,6,8,1,1,1,10,10,0,6,8,1,1,1
69,1,100,0,10,10,0,6,9,1,1,1,10,10,0,6,9,1,1,1
70,1,100,1,10,10,0,7,0,1,1,1,10,10,0,7,0,1,1,1
71,1,100,0,10,10,0,7,1,1,1,1,10,10,0,7,1,1,1,1
72,1,100,1,10,10,0,7,2,1,1,1,10,10,0,7,2,1,1,1
73,1,100,0,10,10,0,7,3,1,1,1,10,10,0,7,3,1,1,1
74,1,100,1,10,10,0,7,4,1,1,1,10,10,0,7,4,1,1,1
75,1,100,0,10,10,0,7,5,1,1,1,10,10,0,7,5,1,1,1
76,1,100,1,10,10,0,7,6,1,1,1,10,10,0,7,6,1,1,1
77,1,100,0,10,10,0,7,7,1,1,1,10,10,0,7,7,1,1,1
78,1,100,1,10,10,0,7,8,1,1,1,10,10,0,7,8,1,1,1
79,1,100,0,10,10,0,7,9,1,1,1,10,10,0,7,9,1,1,1
80,1,100,1,10,10,0,8,0,1,1,1,10,10,0,8,0,1,1,1
81,1,100,0,10,10,0,8,1,1,1,1,10,10,0,8,1,1,1,1
82,1,100,1,10,10,0,8,2,1,1,1,10,10,0,8,2,1,1,1
83,1,100,0,10,10,0,8,3,1,1,1,10,10,0,8,3,1,1,1
84,1,100,1,10,10,0,8,4,1,1,1,10,10,0,8,4,1,1,1
85,1,100,0,10,10,0,8,5,1,1,1,10,10,0,8,5,1,1,1
86,1,100,1,10,10,0,8,6,1,1,1,10,10,0,8,6,1,1,1
87,1,100,0,10,10,0,8,7,1,1,1,10,10,0,8,7,1,1,1
88,1,100,1,10,10,0,8,8,1,1,1,10,10,0,8,8,1,1,1
89,1,100,0,10,10,0,8,9,1,1,1,10,10,0,8,9,1,1,1
90,1,100,1,10,10,0,9,0,1,1,1,10,10,0,9,0,1,1,1
91,1,100,0,10,10,0,9,1,1,1,1,10,10,0,9,1,1,1,1
92,1,100,1,10,10,0,9,2,1,1,1,10,10,0,9,2,1,1,1
93,1,100,0,10,10,0,9,3,1,1,1,10,10,0,9,3,1,1,1
94,1,100,1,10,10,0,9,4,1,1,1,10,10,0,9,4,1,1,1
95,1,100,0,10,10,0,9,5,1,1,1,10,10,0,9,5,1,1,1
96,1,100,1,10,10,0,9,6,1,1,1,10,10,0,9,6,1,1,1
97,1,100,0,10,10,0,9,7,1,1,1,10,10,0,9,7,1,1,1
98,1,100,1,10,10,0,9,8,1,1,1,10,10,0,9,8,1,1,1
99,1,100,0,10,10,0,9,9,1,1,1,10,10,0,9,9,1,1,1
100,1,100,1,20,20,1,0,0,1,1,1,20,20,1,0,0,1,1,1
101,1,300,0,20,20,1,0,1,1,1,1,20,20,1,0,1,1,1,1
102,1,300,1,20,20,1,0,2,1,1,1,20,20,1,0,2,1,1,1
103,1,300,0,20,20,1,0,3,1,1,1,20,20,1,0,3,1,1,1
104,1,300,1,20,20,1,0,4,1,1,1,20,20,1,0,4,1,1,1
105,1,300,0,20,20,1,0,5,1,1,1,20,20,1,0,5,1,1,1
106,1,300,1,20,20,1,0,6,1,1,1,20,20,1,0,6,1,1,1
107,1,300,0,20,20,1,0,7,1,1,1,20,20,1,0,7,1,1,1
108,1,300,1,20,20,1,0,8,1,1,1,20,20,1,0,8,1,1,1
109,1,300,0,20,20,1,0,9,1,1,1,20,20,1,0,9,1,1,1
110,1,300,1,20,20,1,1,0,1,1,1,20,20,1,1,0,1,1,1
111,1,300,0,20,20,1,1,1,1,1,1,20,20,1,1,1,1,1,1
112,1,300,1,20,20,1,1,2,1,1,1,20,20,1,1,2,1,1,1
113,1,300,0,20,20,1,1,3,1,1,1,20,20,1,1,3,1,1,1
114,1,300,1,20,20,1,1,4,1,1,1,20,20,1,1,4,1,1,1
115,1,300,0,20,20,1,1,5,1,1,1,20,20,1,1,5,1,1,1
116,1,300,1,20,20,1,1,6,1,1,1,20,20,1,1,6,1,1,1
117,1,300,0,20,20,1,1,7,1,1,1,20,20,1,1,7,1,1,1
118,1,300,1,20,20,1,1,8,1,1,1,20,20,1,1,8,1,1,1
119,1,300,0,20,20,1,1,9,1,1,1,20,20,1,1,9,1,1,1
120,1,300,1,20,20,1,2,0,1,1,1,20,20,1,2,0,1,1,1
121,1,300,0,20,20,1,2,1,1,1,1,20,20,1,2,1,1,1,1
122,1,300,1,20,20,1,2,2,1,1,1,20,20,1,2,2,1,1,1
123,1,300,0,20,20,1,2,3,1,1,1,20,20,1,2,3,1,1,1
124,1,300,1,20,20,1,2,4,1,1,1,20,20,1,2,4,1,1,1
125,1,300,0,20,20,1,2,5,1,1,1,20,20,1,2,5,1,1,1
126,1,300,1,20,20,1,2,6,1,1,1,20,20,1,2,6,1,1,1
127,1,300,0,20,20,1,2,7,1,1,1,20,20,1,2,7,1,1,1
128,1,300,1,20,20,1,2,8,1,1,1,20,20,1,2,8,1,1,1
129,1,300,0,20,20,1,2,9,1,1,1,20,20,1,2,9,1,1,1
130,1,300,1,20,20,1,3,0,1,1,1,20,20,1,3,0,1,1,1
131,1,300,0,20,20,1,3,1,1,1,1,20,20,1,3,1,1,1,1
132,1,300,1,20,20,1,3,2,1,1,1,20,20,1,3,2,1,1,1
133,1,300,0,20,20,1,3,3,1,1,1,20,20,1,3,3,1,1,1
134,1,300,1,20,20,1,3,4,1,1,1,20,20,1,3,4,1,1,1
135,1,300,0,20,20,1,3,5,1,1,1,20,20,1,3,5,1,1,1
136,1,300,1,20,20,1,3,6,1,1,1,20,20,1,3,6,1,1,1
137,1,300,0,20,20,1,3,7,1,1,1,20,20,1,3,7,1,1,1
138,1,300,1,20,20,1,3,8,1,1,1,20,20,1,3,8,1,1,1
139,1,300,0,20,20,1,3,9,1,1,1,20,20,1,3,9,1,1,1
140,1,300,1,20,20,1,4,0,1,1,1,20,20,1,4,0,1,1,1
141,1,300,0,20,20,1,4,1,1,1,1,20,20,1,4,1,1,1,1
142,1,300,1,20,20,1,4,2,1,1,1,20,20,1,4,2,1,1,1
143,1,300,0,20,20,1,4,3,1,1,1,20,20,1,4,3,1,1,1
144,1,300,1,20,20,1,4,4,1,1,1,20,20,1,4,4,1,1,1
145,1,300,0,20,20,1,4,5,1,1,1,20,20,1,4,5,1,1,1
146,1,300,1,20,20,1,4,6,1,1,1,20,20,1,4,6,1,1,1
147,1,300,0,20,20,1,4,7,1,1,1,20,20,1,4,7,1,1,1
148,1,300,1,20,20,1,4,8,1,1,1,20,20,1,4,8,1,1,1
149,1,300,0,20,20,1,4,9,1,1,1,20,20,1,4,9,1,1,1
150,1,300,1,20,20,1,5,0,1,1,1,20,20,1,5,0,1,1,1
151,1,300,0,20,20,1,5,1,1,1,1,20,20,1,5,1,1,1,1
152,1,300,1,20,20,1,5,2,1,1,1,20,20,1,5,2,1,1,1
153,1,300,0,20,20,1,5,3,1,1,1,20,20,1,5,3,1,1,1
154,1,300,1,20,20,1,5,4,1,1,1,20,20,1,5,4,1,1,1
155,1,300,0,20,20,1,5,5,1,1,1,20,20,1,5,5,1,1,1
156,1,300,1,20,20,1,5,6,1,1,1,20,20,1,5,6,1,1,1
157,1,300,0,20,20,1,5,7,1,1,1,20,20,1,5,7,1,1,1
158,1,300,1,20,20,1,5,8,1,1,1,20,20,1,5,8,1,1,1
159,1,300,0,20,20,1,5,9,1,1,1,20,20,1,5,9,1,1,1
160,1,300,1,20,20,1,6,0,1,1,1,20,20,1,6,0,1,1,1
161,1,300,0,20,20,1,6,1,1,1,1,20,20,1,6,1,1,1,1
162,1,300,1,20,20,1,6,2,1,1,1,20,20,1,6,2,1,1,1
163,1,300,0,20,20,1,6,3,1,1,1,20,20,1,6,3,1,1,1
164,1,300,1,20,20,1,6,4,1,1,1,20,20,1,6,4,1,1,1
165,1,300,0,20,20,1,6,5,1,1,1,20,20,1,6,5,1,1,1
166,1,300,1,20,20,1,6,6,1,1,1,20,20,1,6,6,1,1,1
167,1,300,0,20,20,1,6,7,1,1,1,20,20,1,6,7,1,1,1
168,1,300,1,20,20,1,6,8,1,1,1,20,20,1,6,8,1,1,1
169,1,300,0,20,20,1,6,9,1,1,1,20,20,1,6,9,1,1,1
170,1,300,1,20,20,1,7,0,1,1,1,20,20,1,7,0,1,1,1
171,1,300,0,20,20,1,7,1,1,1,1,20,20,1,7,1,1,1,1
172,1,300,1,20,20,1,7,2,1,1,1,20,20,1,7,2,1,1,1
173,1,300,0,20,20,1,7,3,1,1,1,20,20,1,7,3,1,1,1
174,1,300,1,20,20,1,7,4,1,1,1,20,20,1,7,4,1,1,1
175,1,300,0,20,20,1,7,5,1,1,1,20,20,1,7,5,1,1,1
176,1,300,1,20,20,1,7,6,1,1,1,20,20,1,7,6,1,1,1
177,1,300,0,20,20,1,7,7,1,1,1,20,20,1,7,7,1,1,1
178,1,300,1,20,20,1,7,8,1,1,1,20,20,1,7,8,1,1,1
179,1,300,0,20,20,1,7,9,1,1,1,20,20,1,7,9,1,1,1
180,1,300,1,20,20,1,8,0,1,1,1,20,20,1,8,0,1,1,1
181,1,300,0,20,20,1,8,1,1,1,1,20,20,1,8,1,1,1,1
182,1,300,1,20,20,1,8,2,1,1,1,20,20,1,8,2,1,1,1
183,1,300,0,20,20,1,8,3,1,1,1,20,20,1,8,3,1,1,1
184,1,300,1,20,20,1,8,4,1,1,1,20,20,1,8,4,1,1,1
185,1,300,0,20,20,1,8,5,1,1,1,20,20,1,8,5,1,1,1
186,1,300,1,20,20,1,8,6,1,1,1,20,20,1,8,6,1,1,1
187,1,300,0,20,20,1,8,7,1,1,1,20,20,1,8,7,1,1,1
188,1,300,1,20,20,1,8,8,1,1,1,20,20,1,8,8,1,1,1
189,1,300,0,20,20,1,8,9,1,1,1,20,20,1,8,9,1,1,1
190,1,300,1,20,20,1,9,0,1,1,1,20,20,1,9,0,1,1,1
191,1,300,0,20,20,1,9,1,1,1,1,20,20,1,9,1,1,1,1
192,1,300,1,20,20,1,9,2,1,1,1,20,20,1,9,2,1,1,1
193,1,300,0,20,20,1,9,3,1,1,1,20,20,1,9,3,1,1,1
194,1,300,1,20,20,1,9,4,1,1,1,20,20,1,9,4,1,1,1
195,1,300,0,20,20,1,9,5,1,1,1,20,20,1,9,5,1,1,1
196,1,300,1,20,20,1,9,6,1,1,1,20,20,1,9,6,1,1,1
197,1,300,0,20,20,1,9,7,1,1,1,20,20,1,9,7,1,1,1
198,1,300,1,20,20,1,9,8,1,1,1,20,20,1,9,8,1,1,1
199,1,300,0,20,20,1,9,9,1,1,1,20,20,1,9,9,1,1,1
200,1,300,1,20,20,2,0,0,1,1,1,20,20,2,0,0,1,1,1
201,1,300,0,20,20,2,0,1,1,1,1,20,20,2,0,1,1,1,1
202,1,300,1,20,20,2,0,2,1,1,1,20,20,2,0,2,1,1,1
203,1,300,0,20,20,2,0,3,1,1,1,20,20,2,0,3,1,1,1
204,1,300,1,20,20,2,0,4,1,1,1,20,20,2,0,4,1,1,1
205,1,300,0,20,20,2,0,5,1,1,1,20,20,2,0,5,1,1,1
206,1,300,1,20,20,2,0,6,1,1,1,20,20,2,0,6,1,1,1
207,1,300,0,20,20,2,0,7,1,1,1,20,20,2,0,7,1,1,1
208,1,300,1,20,20,2,0,8,1,1,1,20,20,2,0,8,1,1,1
209,1,300,0,20,20,2,0,9,1,1,1,20,20,2,0,9,1,1,1
210,1,300,1,20,20,2,1,0,1,1,1,20,20,2,1,0,1,1,1
211,1,300,0,20,20,2,1,1,1,1,1,20,20,2,1,1,1,1,1
212,1,300,1,20,20,2,1,2,1,1,1,20,20,2,1,2,1,1,1
213,1,300,0,20,20,2,1,3,1,1,1,20,20,2,1,3,1,1,1
214,1,300,1,20,20,2,1,4,1,1,1,20,20,2,1,4,1,1,1
215,1,300,0,20,20,2,1,5,1,1,1,20,20,2,1,5,1,1,1
216,1,300,1,20,20,2,1,6,1,1,1,20,20,2,1,6,1,1,1
217,1,300,0,20,20,2,1,7,1,1,1,20,20,2,1,7,1,1,1
218,1,300,1,20,20,2,1,8,1,1,1,20,20,2,1,8,1,1,1
219,1,300,0,20,20,2,1,9,1,1,1,20,20,2,1,9,1,1,1
220,1,300,1,20,20,2,2,0,1,1,1,20,20,2,2,0,1,1,1
221,1,300,0,20,20,2,2,1,1,1,1,20,20,2,2,1,1,1,1
222,1,300,1,20,20,2,2,2,1,1,1,20,20,2,2,2,1,1,1
223,1,300,0,20,20,2,2,3,1,1,1,20,20,2,2,3,1,1,1
224,1,300,1,20,20,2,2,4,1,1,1,20,20,2,2,4,1,1,1
225,1,300,0,20,20,2,2,5,1,1,1,20,20,2,2,5,1,1,1
226,1,300,1,20,20,2,2,6,1,1,1,20,20,2,2,6,1,1,1
227,1,300,0,20,20,2,2,7,1,1,1,20,20,2,2,7,1,1,1
228,1,300,1,20,20,2,2,8,1,1,1,20,20,2,2,8,1,1,1
229,1,300,0,20,20,2,2,9,1,1,1,20,20,2,2,9,1,1,1
230,1,300,1,20,20,2,3,0,1,1,1,20,20,2,3,0,1,1,1
231,1,300,0,20,20,2,3,1,1,1,1,20,20,2,3,1,1,1,1
232,1,300,1,20,20,2,3,2,1,1,1,20,20,2,3,2,1,1,1
233,1,300,0,20,20,2,3,3,1,1,1,20,20,2,3,3,1,1,1
234,1,300,1,20,20,2,3,4,1,1,1,20,20,2,3,4,1,1,1
235,1,300,0,20,20,2,3,5,1,1,1,20,20,2,3,5,1,1,1
236,1,300,1,20,20,2,3,6,1,1,1,20,20,2,3,6,1,1,1
237,1,300,0,20,20,2,3,7,1,1,1,20,20,2,3,7,1,1,1
238,1,300,1,20,20,2,3,8,1,1,1,20,20,2,3,8,1,1,1
239,1,300,0,20,20,2,3,9,1,1,1,20,20,2,3,9,1,1,1
240,1,300,1,20,20,2,4,0,1,1,1,20,20,2,4,0,1,1,1
241,1,300,0,20,20,2,4,1,1,1,1,20,20,2,4,1,1,1,1
242,1,300,1,20,20,2,4,2,1,1,1,20,20,2,4,2,1,1,1
243,1,300,0,20,20,2,4,3,1,1,1,20,20,2,4,3,1,1,1
244,1,300,1,20,20,2,4,4,1,1,1,20,20,2,4,4,1,1,1
245,1,300,0,20,20,2,4,5,1,1,1,20,20,2,4,5,1,1,1
246,1,300,1,20,20,2,4,6,1,1,1,20,20,2,4,6,1,1,1
247,1,300,0,20,20,2,4,7,1,1,1,20,20,2,4,7,1,1,1
248,1,300,1,20,20,2,4,8,1,1,1,20,20,2,4,8,1,1,1
249,1,300,0,20,20,2,4,9,1,1,1,20,20,2,4,9,1,1,1
250,1,300,1,20,20,2,5,0,1,1,1,20,20,2,5,0,1,1,1
251,1,300,0,30,30,2,5,1,1,1,1,30,30,2,5,1,1,1,1
252,1,300,1,30,30,2,5,2,1,1,1,30,30,2,5,2,1,1,1
253,1,300,0,30,30,2,5,3,1,1,1,30,30,2,5,3,1,1,1
254,1,300,1,30,30,2,5,4,1,1,1,30,30,2,5,4,1,1,1
255,1,300,0,30,30,2,5,5,1,1,1,30,30,2,5,5,1,1,1
256,1,300,1,30,30,2,5,6,1,1,1,30,30,2,5,6,1,1,1
257,1,300,0,30,30,2,5,7,1,1,1,30,30,2,5,7,1,1,1
258,1,300,1,30,30,2,5,8,1,1,1,30,30,2,5,8,1,1,1
259,1,300,0,30,30,2,5,9,1,1,1,30,30,2,5,9,1,1,1
260,1,300,1,30,30,2,6,0,1,1,1,30,30,2,6,0,1,1,1
261,1,300,0,30,30,2,6,1,1,1,1,30,30,2,6,1,1,1,1
262,1,300,1,30,30,2,6,2,1,1,1,30,30,2,6,2,1,1,1
263,1,300,0,30,30,2,6,3,1,1,1,30,30,2,6,3,1,1,1
264,1,300,1,30,30,2,6,4,1,1,1,30,30,2,6,4,1,1,1
265,1,300,0,30,30,2,6,5,1,1,1,30,30,2,6,5,1,1,1
266,1,300,1,30,30,2,6,6,1,1,1,30,30,2,6,6,1,1,1
267,1,300,0,30,30,2,6,7,1,1,1,30,30,2,6,7,1,1,1
268,1,300,1,30,30,2,6,8,1,1,1,30,30,2,6,8,1,1,1
269,1,300,0,30,30,2,6,9,1,1,1,30,30,2,6,9,1,1,1
270,1,300,1,30,30,2,7,0,1,1,1,30,30,2,7,0,1,1,1
271,1,300,0,30,30,2,7,1,1,1,1,30,30,2,7,1,1,1,1
272,1,300,1,30,30,2,7,2,1,1,1,30,30,2,7,2,1,1,1
273,1,300,0,30,30,2,7,3,1,1,1,30,30,2,7,3,1,1,1
274,1,300,1,30,30,2,7,4,1,1,1,30,30,2,7,4,1,1,1
275,1,300,0,30,30,2,7,5,1,1,1,30,30,2,7,5,1,1,1
276,1,300,1,30,30,2,7,6,1,1,1,30,30,2,7,6,1,1,1
277,1,300,0,30,30,2,7,7,1,1,1,30,30,2,7,7,1,1,1
278,1,300,1,30,30,2,7,8,1,1,1,30,30,2,7,8,1,1,1
279,1,300,0,30,30,2,7,9,1,1,1,30,30,2,7,9,1,1,1
280,1,300,1,30,30,2,8,0,1,1,1,30,30,2,8,0,1,1,1
281,1,300,0,30,30,2,8,1,1,1,1,30,30,2,8,1,1,1,1
282,1,300,1,30,30,2,8,2,1,1,1,30,30,2,8,2,1,1,1
283,1,300,0,30,30,2,8,3,1,1,1,30,30,2,8,3,1,1,1
284,1,300,1,30,30,2,8,4,1,1,1,30,30,2,8,4,1,1,1
285,1,300,0,30,30,2,8,5,1,1,1,30,30,2,8,5,1,1,1
286,1,300,1,30,30,2,8,6,1,1,1,30,30,2,8,6,1,1,1
287,1,300,0,30,30,2,8,7,1,1,1,30,30,2,8,7,1,1,1
288,1,300,1,30,30,2,8,8,1,1,1,30,30,2,8,8,1,1,1
289,1,300,0,30,30,2,8,9,1,1,1,30,30,2,8,9,1,1,1
290,1,300,1,30,30,2,9,0,1,1,1,30,30,2,9,0,1,1,1
291,1,300,0,30,30,2,9,1,1,1,1,30,30,2,9,1,1,1,1
292,1,300,1,30,30,2,9,2,1,1,1,30,30,2,9,2,1,1,1
293,1,300,0,30,30,2,9,3,1,1,1,30,30,2,9,3,1,1,1
294,1,300,1,30,30,2,9,4,1,1,1,30,30,2,9,4,1,1,1
295,1,300,0,30,30,2,9,5,1,1,1,30,30,2,9,5,1,1,1
296,1,300,1,30,30,2,9,6,1,1,1,30,30,2,9,6,1,1,1
297,1,300,0,30,30,2,9,7,1,1,1,30,30,2,9,7,1,1,1
298,1,300,1,30,30,2,9,8,1,1,1,30,30,2,9,8,1,1,1
299,1,300,0,30,30,2,9,9,1,1,1,30,30,2,9,9,1,1,1
300,1,300,1,30,30,3,0,0,1,1,1,30,30,3,0,0,1,1,1
301,1,300,0,30,30,3,0,1,1,1,1,30,30,3,0,1,1,1,1
302,1,300,1,30,30,3,0,2,1,1,1,30,30,3,0,2,1,1,1
303,1,300,0,30,30,3,0,3,1,1,1,30,30,3,0,3,1,1,1
304,1,300,1,30,30,3,0,4,1,1,1,30,30,3,0,4,1,1,1
305,1,300,0,30,30,3,0,5,1,1,1,30,30,3,0,5,1,1,1
306,1,300,1,30,30,3,0,6,1,1,1,30,30,3,0,6,1,1,1
307,1,300,0,30,30,3,0,7,1,1,1,30,30,3,0,7,1,1,1
308,1,300,1,30,30,3,0,8,1,1,1,30,30,3,0,8,1,1,1
309,1,300,0,30,30,3,0,9,1,1,1,30,30,3,0,9,1,1,1
310,1,300,1,30,30,3,1,0,1,1,1,30,30,3,1,0,1,1,1
311,1,300,0,30,30,3,1,1,1,1,1,30,30,3,1,1,1,1,1
312,1,300,1,30,30,3,1,2,1,1,1,30,30,3,1,2,1,1,1
313,1,300,0,30,30,3,1,3,1,1,1,30,30,3,1,3,1,1,1
314,1,300,1,30,30,3,1,4,1,1,1,30,30,3,1,4,1,1,1
315,1,300,0,30,30,3,1,5,1,1,1,30,30,3,1,5,1,1,1
316,1,300,1,30,30,3,1,6,1,1,1,30,30,3,1,6,1,1,1
317,1,300,0,30,30,3,1,7,1,1,1,30,30,3,1,7,1,1,1
318,1,300,1,30,30,3,1,8,1,1,1,30,30,3,1,8,1,1,1
319,1,300,0,30,30,3,1,9,1,1,1,30,30,3,1,9,1,1,1
320,1,300,1,30,30,3,2,0,1,1,1,30,30,3,2,0,1,1,1
321,1,300,0,30,30,3,2,1,1,1,1,30,30,3,2,1,1,1,1
322,1,300,1,30,30,3,2,2,1,1,1,30,30,3,2,2,1,1,1
323,1,300,0,30,30,3,2,3,1,1,1,30,30,3,2,3,1,1,1
324,1,300,1,30,30,3,2,4,1,1,1,30,30,3,2,4,1,1,1
325,1,300,0,30,30,3,2,5,1,1,1,30,30,3,2,5,1,1,1
326,1,300,1,30,30,3,2,6,1,1,1,30,30,3,2,6,1,1,1
327,1,300,0,30,30,3,2,7,1,1,1,30,30,3,2,7,1,1,1
328,1,300,1,30,30,3,2,8,1,1,1,30,30,3,2,8,1,1,1
329,1,300,0,30,30,3,2,9,1,1,1,30,30,3,2,9,1,1,1
330,1,300,1,30,30,3,3,0,1,1,1,30,30,3,3,0,1,1,1
331,1,300,0,30,30,3,3,1,1,1,1,30,30,3,3,1,1,1,1
332,1,300,1,30,30,3,3,2,1,1,1,30,30,3,3,2,1,1,1
333,1,300,0,30,30,3,3,3,1,1,1,30,30,3,3,3,1,1,1
334,1,300,1,30,30,3,3,4,1,1,1,30,30,3,3,4,1,1,1
335,1,300,0,30,30,3,3,5,1,1,1,30,30,3,3,5,1,1,1
336,1,300,1,30,30,3,3,6,1,1,1,30,30,3,3,6,1,1,1
337,1,300,0,30,30,3,3,7,1,1,1,30,30,3,3,7,1,1,1
338,1,300,1,30,30,3,3,8,1,1,1,30,30,3,3,8,1,1,1
339,1,300,0,30,30,3,3,9,1,1,1,30,30,3,3,9,1,1,1
340,1,300,1,30,30,3,4,0,1,1,1,30,30,3,4,0,1,1,1
341,1,300,0,30,30,3,4,1,1,1,1,30,30,3,4,1,1,1,1
342,1,300,1,30,30,3,4,2,1,1,1,30,30,3,4,2,1,1,1
343,1,300,0,30,30,3,4,3,1,1,1,30,30,3,4,3,1,1,1
344,1,300,1,30,30,3,4,4,1,1,1,30,30,3,4,4,1,1,1
345,1,300,0,30,30,3,4,5,1,1,1,30,30,3,4,5,1,1,1
346,1,300,1,30,30,3,4,6,1,1,1,30,30,3,4,6,1,1,1
347,1,300,0,30,30,3,4,7,1,1,1,30,30,3,4,7,1,1,1
348,1,300,1,30,30,3,4,8,1,1,1,30,30,3,4,8,1,1,1
349,1,300,0,30,30,3,4,9,1,1,1,30,30,3,4,9,1,1,1
350,1,300,1,30,30,3,5,0,1,1,1,30,30,3,5,0,1,1,1
351,1,300,0,30,30,3,5,1,1,1,1,30,30,3,5,1,1,1,1
352,1,300,1,30,30,3,5,2,1,1,1,30,30,3,5,2,1,1,1
353,1,300,0,30,30,3,5,3,1,1,1,30,30,3,5,3,1,1,1
354,1,300,1,30,30,3,5,4,1,1,1,30,30,3,5,4,1,1,1
355,1,300,0,30,30,3,5,5,1,1,1,30,30,3,5,5,1,1,1
356,1,300,1,30,30,3,5,6,1,1,1,30,30,3,5,6,1,1,1
357,1,300,0,30,30,3,5,7,1,1,1,30,30,3,5,7,1,1,1
358,1,300,1,30,30,3,5,8,1,1,1,30,30,3,5,8,1,1,1
359,1,300,0,30,30,3,5,9,1,1,1,30,30,3,5,9,1,1,1
360,1,300,1,30,30,3,6,0,1,1,1,30,30,3,6,0,1,1,1
361,1,300,0,30,30,3,6,1,1,1,1,30,30,3,6,1,1,1,1
362,1,300,1,30,30,3,6,2,1,1,1,30,30,3,6,2,1,1,1
363,1,300,0,30,30,3,6,3,1,1,1,30,30,3,6,3,1,1,1
364,1,300,1,30,30,3,6,4,1,1,1,30,30,3,6,4,1,1,1
365,1,300,0,30,30,3,6,5,1,1,1,30,30,3,6,5,1,1,1
366,1,300,1,30,30,3,6,6,1,1,1,30,30,3,6,6,1,1,1
367,1,300,0,30,30,3,6,7,1,1,1,30,30,3,6,7,1,1,1
368,1,300,1,30,30,3,6,8,1,1,1,30,30,3,6,8,1,1,1
369,1,300,0,30,30,3,6,9,1,1,1,30,30,3,6,9,1,1,1
370,1,300,1,30,30,3,7,0,1,1,1,30,30,3,7,0,1,1,1
371,1,300,0,30,30,3,7,1,1,1,1,30,30,3,7,1,1,1,1
372,1,300,1,30,30,3,7,2,1,1,1,30,30,3,7,2,1,1,1
373,1,300,0,30,30,3,7,3,1,1,1,30,30,3,7,3,1,1,1
374,1,300,1,30,30,3,7,4,1,1,1,30,30,3,7,4,1,1,1
375,1,300,0,30,30,3,7,5,1,1,1,30,30,3,7,5,1,1,1
376,1,300,1,30,30,3,7,6,1,1,1,30,30,3,7,6,1,1,1
377,1,300,0,30,30,3,7,7,1,1,1,30,30,3,7,7,1,1,1
378,1,300,1,30,30,3,7,8,1,1,1,30,30,3,7,8,1,1,1
379,1,300,0,30,30,3,7,9,1,1,1,30,30,3,7,9,1,1,1
380,1,300,1,30,30,3,8,0,1,1,1,30,30,3,8,0,1,1,1
381,1,300,0,30,30,3,8,1,1,1,1,30,30,3,8,1,1,1,1
382,1,300,1,30,30,3,8,2,1,1,1,30,30,3,8,2,1,1,1
383,1,300,0,30,30,3,8,3,1,1,1,30,30,3,8,3,1,1,1
384,1,300,1,30,30,3,8,4,1,1,1,30,30,3,8,4,1,1,1
385,1,300,0,30,30,3,8,5,1,1,1,30,30,3,8,5,1,1,1
386,1,300,1,30,30,3,8,6,1,1,1,30,30,3,8,6,1,1,1
387,1,300,0,30,30,3,8,7,1,1,1,30,30,3,8,7,1,1,1
388,1,300,1,30,30,3,8,8,1,1,1,30,30,3,8,8,1,1,1
389,1,300,0,30,30,3,8,9,1,1,1,30,30,3,8,9,1,1,1
390,1,300,1,30,30,3,9,0,1,1,1,30,30,3,9,0,1,1,1
391,1,300,0,30,30,3,9,1,1,1,1,30,30,3,9,1,1,1,1
392,1,300,1,30,30,3,9,2,1,1,1,30,30,3,9,2,1,1,1
393,1,300,0,30,30,3,9,3,1,1,1,30,30,3,9,3,1,1,1
394,1,300,1,30,30,3,9,4,1,1,1,30,30,3,9,4,1,1,1
395,1,300,0,30,30,3,9,5,1,1,1,30,30,3,9,5,1,1,1
396,1,300,1,30,30,3,9,6,1,1,1,30,30,3,9,6,1,1,1
397,1,300,0,30,30,3,9,7,1,1,1,30,30,3,9,7,1,1,1
398,1,300,1,30,30,3,9,8,1,1,1,30,30,3,9,8,1,1,1
399,1,300,0,30,30,3,9,9,1,1,1,30,30,3,9,9,1,1,1
400,1,300,1,30,30,4,0,0,1,1,1,30,30,4,0,0,1,1,1
401,1,300,0,30,30,4,0,1,1,1,1,30,30,4,0,1,1,1,1
402,1,300,1,30,30,4,0,2,1,1,1,30,30,4,0,2,1,1,1
403,1,300,0,30,30,4,0,3,1,1,1,30,30,4,0,3,1,1,1
404,1,300,1,30,30,4,0,4,1,1,1,30,30,4,0,4,1,1,1
405,1,300,0,30,30,4,0,5,1,1,1,30,30,4,0,5,1,1,1
406,1,300,1,30,30,4,0,6,1,1,1,30,30,4,0,6,1,1,1
407,1,300,0,30,30,4,0,7,1,1,1,30,30,4,0,7,1,1,1
408,1,300,1,30,30,4,0,8,1,1,1,30,30,4,0,8,1,1,1
409,1,300,0,30,30,4,0,9,1,1,1,30,30,4,0,9,1,1,1
410,1,300,1,30,30,4,1,0,1,1,1,30,30,4,1,0,1,1,1
411,1,300,0,30,30,4,1,1,1,1,1,30,30,4,1,1,1,1,1
412,1,300,1,30,30,4,1,2,1,1,1,30,30,4,1,2,1,1,1
413,1,300,0,30,30,4,1,3,1,1,1,30,30,4,1,3,1,1,1
414,1,300,1,30,30,4,1,4,1,1,1,30,30,4,1,4,1,1,1
415,1,300,0,30,30,4,1,5,1,1,1,30,30,4,1,5,1,1,1
416,1,300,1,30,30,4,1,6,1,1,1,30,30,4,1,6,1,1,1
417,1,300,0,30,30,4,1,7,1,1,1,30,30,4,1,7,1,1,1
418,1,300,1,30,30,4,1,8,1,1,1,30,30,4,1,8,1,1,1
419,1,300,0,30,30,4,1,9,1,1,1,30,30,4,1,9,1,1,1
420,1,300,1,30,30,4,2,0,1,1,1,30,30,4,2,0,1,1,1
421,1,300,0,30,30,4,2,1,1,1,1,30,30,4,2,1,1,1,1
422,1,300,1,30,30,4,2,2,1,1,1,30,30,4,2,2,1,1,1
423,1,300,0,30,30,4,2,3,1,1,1,30,30,4,2,3,1,1,1
424,1,300,1,30,30,4,2,4,1,1,1,30,30,4,2,4,1,1,1
425,1,300,0,30,30,4,2,5,1,1,1,30,30,4,2,5,1,1,1
426,1,300,1,30,30,4,2,6,1,1,1,30,30,4,2,6,1,1,1
427,1,300,0,30,30,4,2,7,1,1,1,30,30,4,2,7,1,1,1
428,1,300,1,30,30,4,2,8,1,1,1,30,30,4,2,8,1,1,1
429,1,300,0,30,30,4,2,9,1,1,1,30,30,4,2,9,1,1,1
430,1,300,1,30,30,4,3,0,1,1,1,30,30,4,3,0,1,1,1
431,1,300,0,30,30,4,3,1,1,1,1,30,30,4,3,1,1,1,1
432,1,300,1,30,30,4,3,2,1,1,1,30,30,4,3,2,1,1,1
433,1,300,0,30,30,4,3,3,1,1,1,30,30,4,3,3,1,1,1
434,1,300,1,30,30,4,3,4,1,1,1,30,30,4,3,4,1,1,1
435,1,300,0,30,30,4,3,5,1,1,1,30,30,4,3,5,1,1,1
436,1,300,1,30,30,4,3,6,1,1,1,30,30,4,3,6,1,1,1
437,1,300,0,30,30,4,3,7,1,1,1,30,30,4,3,7,1,1,1
438,1,300,1,30,30,4,3,8,1,1,1,30,30,4,3,8,1,1,1
439,1,300,0,30,30,4,3,9,1,1,1,30,30,4,3,9,1,1,1
440,1,300,1,30,30,4,4,0,1,1,1,30,30,4,4,0,1,1,1
441,1,300,0,30,30,4,4,1,1,1,1,30,30,4,4,1,1,1,1
442,1,300,1,30,30,4,4,2,1,1,1,30,30,4,4,2,1,1,1
443,1,300,0,30,30,4,4,3,1,1,1,30,30,4,4,3,1,1,1
444,1,300,1,30,30,4,4,4,1,1,1,30,30,4,4,4,1,1,1
445,1,300,0,30,30,4,4,5,1,1,1,30,30,4,4,5,1,1,1
446,1,300,1,30,30,4,4,6,1,1,1,30,30,4,4,6,1,1,1
447,1,300,0,30,30,4,4,7,1,1,1,30,30,4,4,7,1,1,1
448,1,300,1,30,30,4,4,8,1,1,1,30,30,4,4,8,1,1,1
449,1,300,0,30,30,4,4,9,1,1,1,30,30,4,4,9,1,1,1
450,1,300,1,30,30,4,5,0,1,1,1,30,30,4,5,0,1,1,1
451,1,300,0,30,30,4,5,1,1,1,1,30,30,4,5,1,1,1,1
452,1,300,1,30,30,4,5,2,1,1,1,30,30,4,5,2,1,1,1
453,1,300,0,30,30,4,5,3,1,1,1,30,30,4,5,3,1,1,1
454,1,300,1,30,30,4,5,4,1,1,1,30,30,4,5,4,1,1,1
455,1,300,0,30,30,4,5,5,1,1,1,30,30,4,5,5,1,1,1
456,1,300,1,30,30,4,5,6,1,1,1,30,30,4,5,6,1,1,1
457,1,300,0,30,30,4,5,7,1,1,1,30,30,4,5,7,1,1,1
458,1,300,1,30,30,4,5,8,1,1,1,30,30,4,5,8,1,1,1
459,1,300,0,30,30,4,5,9,1,1,1,30,30,4,5,9,1,1,1
460,1,300,1,30,30,4,6,0,1,1,1,30,30,4,6,0,1,1,1
461,1,300,0,30,30,4,6,1,1,1,1,30,30,4,6,1,1,1,1
462,1,300,1,30,30,4,6,2,1,1,1,30,30,4,6,2,1,1,1
463,1,300,0,30,30,4,6,3,1,1,1,30,30,4,6,3,1,1,1
464,1,300,1,30,30,4,6,4,1,1,1,30,30,4,6,4,1,1,1
465,1,300,0,30,30,4,6,5,1,1,1,30,30,4,6,5,1,1,1
466,1,300,1,30,30,4,6,6,1,1,1,30,30,4,6,6,1,1,1
467,1,300,0,30,30,4,6,7,1,1,1,30,30,4,6,7,1,1,1
468,1,300,1,30,30,4,6,8,1,1,1,30,30,4,6,8,1,1,1
469,1,300,0,30,30,4,6,9,1,1,1,30,30,4,6,9,1,1,1
470,1,300,1,30,30,4,7,0,1,1,1,30,30,4,7,0,1,1,1
471,1,300,0,30,30,4,7,1,1,1,1,30,30,4,7,1,1,1,1
472,1,300,1,30,30,4,7,2,1,1,1,30,30,4,7,2,1,1,1
473,1,300,0,30,30,4,7,3,1,1,1,30,30,4,7,3,1,1,1
474,1,300,1,30,30,4,7,4,1,1,1,30,30,4,7,4,1,1,1
475,1,300,0,30,30,4,7,5,1,1,1,30,30,4,7,5,1,1,1
476,1,300,1,30,30,4,7,6,1,1,1,30,30,4,7,6,1,1,1
477,1,300,0,30,30,4,7,7,1,1,1,30,30,4,7,7,1,1,1
478,1,300,1,30,30,4,7,8,1,1,1,30,30,4,7,8,1,1,1
479,1,300,0,30,30,4,7,9,1,1,1,30,30,4,7,9,1,1,1
480,1,300,1,30,30,4,8,0,1,1,1,30,30,4,8,0,1,1,1
481,1,300,0,30,30,4,8,1,1,1,1,30,30,4,8,1,1,1,1
482,1,300,1,30,30,4,8,2,1,1,1,30,30,4,8,2,1,1,1
483,1,300,0,30,30,4,8,3,1,1,1,30,30,4,8,3,1,1,1
484,1,300,1,30,30,4,8,4,1,1,1,30,30,4,8,4,1,1,1
485,1,300,0,30,30,4,8,5,1,1,1,30,30,4,8,5,1,1,1
486,1,300,1,30,30,4,8,6,1,1,1,30,30,4,8,6,1,1,1
487,1,300,0,30,30,4,8,7,1,1,1,30,30,4,8,7,1,1,1
488,1,300,1,30,30,4,8,8,1,1,1,30,30,4,8,8,1,1,1
489,1,300,0,30,30,4,8,9,1,1,1,30,30,4,8,9,1,1,1
490,1,300,1,30,30,4,9,0,1,1,1,30,30,4,9,0,1,1,1
491,1,300,0,30,30,4,9,1,1,1,1,30,30,4,9,1,1,1,1
492,1,300,1,30,30,4,9,2,1,1,1,30,30,4,9,2,1,1,1
493,1,300,0,30,30,4,9,3,1,1,1,30,30,4,9,3,1,1,1
494,1,300,1,30,30,4,9,4,1,1,1,30,30,4,9,4,1,1,1
495,1,300,0,30,30,4,9,5,1,1,1,30,30,4,9,5,1,1,1
496,1,300,1,30,30,4,9,6,1,1,1,30,30,4,9,6,1,1,1
497,1,300,0,30,30,4,9,7,1,1,1,30,30,4,9,7,1,1,1
498,1,300,1,30,30,4,9,8,1,1,1,30,30,4,9,8,1,1,1
499,1,300,0,30,30,4,9,9,1,1,1,30,30,4,9,9,1,1,1
500,1,300,1,30,30,5,0,0,1,1,1,30,30,5,0,0,1,1,1
501,1,300,0,30,30,5,0,1,1,1,1,30,30,5,0,1,1,1,1
502,1,300,1,30,30,5,0,2,1,1,1,30,30,5,0,2,1,1,1
503,1,300,0,30,30,5,0,3,1,1,1,30,30,5,0,3,1,1,1
504,1,300,1,30,30,5,0,4,1,1,1,30,30,5,0,4,1,1,1
505,1,300,0,30,30,5,0,5,1,1,1,30,30,5,0,5,1,1,1
506,1,300,1,30,30,5,0,6,1,1,1,30,30,5,0,6,1,1,1
507,1,300,0,30,30,5,0,7,1,1,1,30,30,5,0,7,1,1,1
508,1,300,1,30,30,5,0,8,1,1,1,30,30,5,0,8,1,1,1
509,1,300,0,30,30,5,0,9,1,1,1,30,30,5,0,9,1,1,1
510,1,300,1,30,30,5,1,0,1,1,1,30,30,5,1,0,1,1,1
511,1,300,0,30,30,5,1,1,1,1,1,30,30,5,1,1,1,1,1
512,1,300,1,30,30,5,1,2,1,1,1,30,30,5,1,2,1,1,1
513,1,300,0,30,30,5,1,3,1,1,1,30,30,5,1,3,1,1,1
514,1,300,1,30,30,5,1,4,1,1,1,30,30,5,1,4,1,1,1
515,1,300,0,30,30,5,1,5,1,1,1,30,30,5,1,5,1,1,1
516,1,300,1,30,30,5,1,6,1,1,1,30,30,5,1,6,1,1,1
517,1,300,0,30,30,5,1,7,1,1,1,30,30,5,1,7,1,1,1
518,1,300,1,30,30,5,1,8,1,1,1,30,30,5,1,8,1,1,1
519,1,300,0,30,30,5,1,9,1,1,1,30,30,5,1,9,1,1,1
520,1,300,1,30,30,5,2,0,1,1,1,30,30,5,2,0,1,1,1
521,1,300,0,30,30,5,2,1,1,1,1,30,30,5,2,1,1,1,1
522,1,300,1,30,30,5,2,2,1,1,1,30,30,5,2,2,1,1,1
523,1,300,0,30,30,5,2,3,1,1,1,30,30,5,2,3,1,1,1
524,1,300,1,30,30,5,2,4,1,1,1,30,30,5,2,4,1,1,1
525,1,300,0,30,30,5,2,5,1,1,1,30,30,5,2,5,1,1,1
526,1,300,1,30,30,5,2,6,1,1,1,30,30,5,2,6,1,1,1
527,1,300,0,30,30,5,2,7,1,1,1,30,30,5,2,7,1,1,1
528,1,300,1,30,30,5,2,8,1,1,1,30,30,5,2,8,1,1,1
529,1,300,0,30,30,5,2,9,1,1,1,30,30,5,2,9,1,1,1
530,1,300,1,30,30,5,3,0,1,1,1,30,30,5,3,0,1,1,1
531,1,300,0,30,30,5,3,1,1,1,1,30,30,5,3,1,1,1,1
532,1,300,1,30,30,5,3,2,1,1,1,30,30,5,3,2,1,1,1
533,1,300,0,30,30,5,3,3,1,1,1,30,30,5,3,3,1,1,1
534,1,300,1,30,30,5,3,4,1,1,1,30,30,5,3,4,1,1,1
535,1,300,0,30,30,5,3,5,1,1,1,30,30,5,3,5,1,1,1
536,1,300,1,30,30,5,3,6,1,1,1,30,30,5,3,6,1,1,1
537,1,300,0,30,30,5,3,7,1,1,1,30,30,5,3,7,1,1,1
538,1,300,1,30,30,5,3,8,1,1,1,30,30,5,3,8,1,1,1
